Workbook

Sheet Summary
A1: fable-r2d2 bill of materials
A2: Prices are list prices read from supplier pages on the date in the notes; tax and shipping excluded. Edit quantities or unit prices on the sheets; totals are formulas.
A4: Electronics | B4: =Electronics!J56
A5: Mechanical hardware | B5: =Hardware!J35
A6: Filament | B6: =Filament!E3
A7: Grand total (USD) | B7: =SUM(B4:B6)
A9: Printed pieces | B9: =SUM('Printed parts'!B2:B10)
A10: Unique STL files | B10: 9
A11: Sliced filament mass, g | B11: ='Printed parts'!I11
A12: Sliced print time, h | B12: ='Printed parts'!J11

Sheet Electronics
A1: Ref | B1: Qty | C1: Item | D1: Part number | E1: Supplier | F1: Source URL | G1: Unit USD | H1: Price basis | I1: Notes / use | J1: Line USD
A2: A1 | B2: 1 | C2: Raspberry Pi 4 Model B, 4 GB - control server, Wi-Fi, head displays, audio | D2: Adafruit 4296 | E2: Adafruit | F2: https://www.adafruit.com/product/4296 | G2: 120 | H2: listed | I2: Powered from the 5 V regulator through a USB-C plug breakout (J12), not from a wall adapter. Needs the 32 GB microSD SD1. | J2: =B2*G2
A3: A2 | B3: 1 | C3: Adafruit KB2040 (RP2040) - motor and NeoPixel controller | D3: Adafruit 5302 | E3: Adafruit | F3: https://www.adafruit.com/product/5302 | G3: 8.95 | H3: listed | I3: Powered and commanded from a Pi USB 2.0 port over cable J11. Pin map is fixed by firmware/kb2040/code.py. | J3: =B3*G3
A4: U1 | B4: 1 | C4: DRV8833 dual H-bridge - driver 1, left foot (lf-front, lf-rear) | D4: Adafruit 3297 | E4: Adafruit | F4: https://www.adafruit.com/product/3297 | G4: 5.95 | H4: listed | I4: VMOTOR from the 6 V regulator U6. Keep both 0.2 ohm sense resistors: 1 A per motor. | J4: =B4*G4
A5: U2 | B5: 1 | C5: DRV8833 dual H-bridge - driver 2, right foot (rf-front, rf-rear) | D5: Adafruit 3297 | E5: Adafruit | F5: https://www.adafruit.com/product/3297 | G5: 5.95 | H5: listed | I5: VMOTOR from the 6 V regulator U7. | J5: =B5*G5
A6: U3 | B6: 1 | C6: DRV8833 dual H-bridge - driver 3, centre foot (cf-front, cf-rear) | D6: Adafruit 3297 | E6: Adafruit | F6: https://www.adafruit.com/product/3297 | G6: 5.95 | H6: listed | I6: VMOTOR from the 6 V regulator U6. | J6: =B6*G6
A7: U4 | B7: 1 | C7: DRV8833 dual H-bridge - driver 4, head friction drive (channel A only) | D7: Adafruit 3297 | E7: Adafruit | F7: https://www.adafruit.com/product/3297 | G7: 5.95 | H7: listed | I7: VMOTOR from the 6 V regulator U7. BIN1/BIN2 tied to GND; BOUT1/BOUT2 unused. | J7: =B7*G7
A8: U5 | B8: 1 | C8: Pololu D36V50F5 step-down regulator, 12 V to 5 V 5.5 A - Pi, displays, NeoPixels, amplifier | D8: Pololu 4091 | E8: Pololu | F8: https://www.pololu.com/product/4091 | G8: 39.95 | H8: listed | I8: Fed from the 12 V bus through fuse F3 (3 A). Pololu stock is rationed; order early. | J8: =B8*G8
A9: U6 | B9: 1 | C9: Pololu D36V50F6 step-down regulator, 12 V to 6 V 5.5 A - motor rail A (drivers U1 and U3) | D9: Pololu 4092 | E9: Pololu | F9: https://www.pololu.com/product/4092 | G9: 39.95 | H9: listed | I9: Fed from the 12 V bus through fuse F4 (5 A). Four motors x 1 A limit = 4 A worst case. | J9: =B9*G9
A10: U7 | B10: 1 | C10: Pololu D36V50F6 step-down regulator, 12 V to 6 V 5.5 A - motor rail B (drivers U2 and U4) | D10: Pololu 4092 | E10: Pololu | F10: https://www.pololu.com/product/4092 | G10: 39.95 | H10: listed | I10: Fed from the 12 V bus through fuse F5 (5 A). Three motors x 1 A limit = 3 A worst case. | J10: =B10*G10
A11: U8 | B11: 1 | C11: PAM8302 mono class D amplifier, 2.5 W into 4 ohm - dome and body sound | D11: Adafruit 2130 | E11: Adafruit | F11: https://www.adafruit.com/product/2130 | G11: 3.95 | H11: listed | I11: Runs on the 5 V rail. Input is the Pi 3.5 mm jack, left and right summed through two 10 k resistors (R4). | J11: =B11*G11
A12: U9 | B12: 1 | C12: ADS1115 16 bit 4 channel ADC, STEMMA QT - battery voltage sense | D12: Adafruit 1085 | E12: Adafruit | F12: https://www.adafruit.com/product/1085 | G12: 14.95 | H12: listed | I12: Address 0x48 on the Pi I2C-1 bus, single-ended input A0, read by firmware/pi/battery.py. Divider R2 (100 k top) over R3 (15 k bottom). | J12: =B12*G12
A13: SR1 | B13: 1 | C13: Slip ring, 12 wire, 2 A per wire - dome power and signals | D13: Adafruit 1195 (Prosper SRC012C-12) | E13: Adafruit | F13: https://www.adafruit.com/product/1195 | G13: 24.95 | H13: listed | I13: Body 12.4 mm dia x 19.5 mm, no flange; clamp in the printed post on the body top plate. 28 AWG leads about 150 mm each side. | J13: =B13*G13
... A55: SQ1 | B55: 1 | C55: Hall effect switch US5881LUA - optional dome index (home) sensor | D55: Adafruit 158 | E55: Adafruit | F55: https://www.adafruit.com/product/158 | G55: 2 | H55: listed | I55: Optional. Mounts on the body top plate facing a magnet on the dome plate; open drain to KB2040 A3, which has its internal pull-up enabled in firmware. Fit the R4 10 k pull-up as well if the run is long. | J55: =B55*G55
C56: Sheet total | J56: =SUM(J2:J55)

Sheet Hardware
A1: Ref | B1: Qty | C1: Item | D1: Part number | E1: Supplier | F1: Source URL | G1: Unit USD | H1: Price basis | I1: Notes / use | J1: Line USD
A2: H01 | B2: 1 | C2: Lazy susan ring bearing, 9 inch round steel, 228.6 mm OD, 114.3 mm centre hole | D2: Triangle 9C (WW Hardware TR09C) | E2: WW Hardware | F2: https://www.wwhardware.com/triangle-flat-lazy-susan-bearing-9-round-tr09c | G2: 6.79 | H2: listed | I2: Dome bearing between the body top plate and the dome plate. 750 lb rating; four M5 screws per race through the access holes. | J2: =B2*G2
A3: H02 | B3: 1 | C3: Ball bearings 6001-2RS, 12 x 28 x 8 mm, pack of 10 | D3: PGN 6001-2RS 10 pack | E3: Amazon | F3: https://www.amazon.com/dp/B07GVQ8G23 | G3: 11.45 | H3: listed | I3: Six used: two per shoulder pivot (four) and two in the centre-foot caster (params.scad caster_bearing_od 28, caster_bearing_t 8). Four spare. | J3: =B3*G3
A4: H03 | B4: 2 | C4: Hex bolt M12-1.75 x 130 mm, class 8.8 zinc - shoulder pivot | D4: Bolt Depot 6272 | E4: Bolt Depot | F4: https://www.boltdepot.com/Metric_hex_bolts_Zinc_plated_class_8.8_steel_12mm_x_1.75mm.aspx | G4: 2.83 | H4: listed | I4: One per shoulder, through the leg hub, the bushings and the 30 mm body boss. Use a steel crush sleeve so the printed boss is never clamped directly. | J4: =B4*G4
A5: H04 | B5: 1 | C5: Nylon-insert lock nuts M12-1.75, DIN 985, stainless, pack of 20 | D5: BNUOK M12 nyloc 20 pack | E5: Amazon | F5: https://www.amazon.com/dp/B0F8GZP628 | G5: 8.99 | H5: listed | I5: Two used on the shoulder bolts; the rest are spares and centre-leg hardware. | J5: =B5*G5
A6: H05 | B6: 8 | C6: Fender washer M12, 12 x 37 mm, zinc | D6: Bolt Depot 17834 | E6: Bolt Depot | F6: https://boltdepot.com/Product-List?Units=Metric&Category=Washers&Subcategory=Fender_washers&F_Size=12mm&Material=Steel&Plating=Zinc | G6: 0.56 | H6: listed | I6: Large washers spread the shoulder clamp load over the printed faces; loads.md asks for about 40 mm diameter, so 37 mm is the closest stock size. | J6: =B6*G6
A7: H06 | B7: 8 | C7: Flat washer M12, zinc | D7: Bolt Depot 4531 | E7: Bolt Depot | F7: https://boltdepot.com/Product-List?Units=Metric&Category=Washers&Subcategory=Flat_washers&F_Size=12mm&Material=Steel&Plating=Zinc | G7: 0.08 | H7: listed | I7: Under the nyloc and against the bearing inner races. | J7: =B7*G7
A8: H07 | B8: 2 | C8: Flanged bronze bushing, 12 mm bore x 16 mm OD x 20 mm, pack of 2 | D8: HARFINGTON flanged bushing | E8: Amazon | F8: https://www.amazon.com/dp/B0CGDV5C3F | G8: 12.99 | H8: listed | I8: Four bushings, two per shoulder, as the low-friction sleeve between the leg hub and the pivot bolt. | J8: =B8*G8
A9: H08 | B9: 1 | C9: Dowel pins 6 x 30 mm, steel, pack of 50 | D9: Fabory 6x30 dowel pin 50 pack | E9: Amazon | F9: https://www.amazon.com/dp/B076GVC92R | G9: 34.9 | H9: listed | I9: Four used: two index pins per shoulder at radius 45 mm, at the two-leg (0 deg) and three-leg (18 deg) positions. | J9: =B9*G9
A10: H09 | B10: 4 | C10: Threaded rod M8 x 1.25, 1 m, zinc steel | D10: Bolt Depot 23774 | E10: Bolt Depot | F10: https://boltdepot.com/Threaded_rod_Zinc_plated_steel_8mm_x_1.25mm | G10: 11.25 | H10: listed | I10: Cut plan: two rods give the four body rods at 385 mm each (2 x 385 = 770 mm, 230 mm offcut); two rods give the four leg rods at 425 mm each (2 x 425 = 850 mm, 150 mm offcut). Deburr and chamfer every cut end. | J10: =B10*G10
A11: H10 | B11: 40 | C11: Hex nut M8-1.25, class 8.8 zinc | D11: Bolt Depot 4788 | E11: Bolt Depot | F11: https://boltdepot.com/Product-List?Units=Metric&Category=Nuts&Subcategory=Hex_nuts&F_Diameter=8mm&F_Thread_pitch=1.25mm&Material=Steel&Plating=Zinc&Grade=Class_8.8 | G11: 0.06 | H11: listed | I11: Two per rod end (jam pairs) on eight rods plus the centre-leg flange bolts. $4.84 per 100 at Bolt Depot. | J11: =B11*G11
A12: H11 | B12: 1 | C12: Nylon-insert lock nuts M8-1.25, pack of 50 | D12: Yinpecly M8 nyloc 50 pack | E12: Amazon | F12: https://www.amazon.com/dp/B0F1YGKBSL | G12: 6.99 | H12: listed | I12: Final nut on every M8 rod end, the four centre-leg flange bolts and the two ankle bolts per outer foot. | J12: =B12*G12
A13: H12 | B13: 40 | C13: Flat washer M8, zinc | D13: Bolt Depot 4529 | E13: Bolt Depot | F13: https://boltdepot.com/Product-List?Units=Metric&Category=Washers&Subcategory=Flat_washers&F_Size=8mm&Material=Steel&Plating=Zinc | G13: 0.05 | H13: listed | I13: Under every M8 nut that does not get a fender washer. $2.33 per 100. | J13: =B13*G13
... A34: H33 | B34: 1 | C34: Filament, Bambu PLA Basic, 1.75 mm, 1 kg - dome (optional finish) | D34: Bambu PLA Basic | E34: Bambu Lab US store | F34: https://us.store.bambulab.com/products/pla-basic-filament | G34: 19.99 | H34: listed | I34: Optional: the dome carries only its own weight on the ring bearing, and PLA holds the panel detail better. Keep the robot out of a hot car either way. | J34: =B34*G34
C35: Sheet total | J35: =SUM(J2:J34)

Sheet Printed parts
A1: STL file | B1: Qty | C1: Material | D1: Mirror for 2nd | E1: X mm | F1: Y mm | G1: Z mm | H1: Solid mass g (bound) | I1: Sliced mass g (H2D, incl. support) | J1: Sliced time h | K1: Orientation | L1: Notes
A2: stl/dome.stl | B2: 1 | C2: PETG | D2: no | E2: 316.83 | F2: 316.83 | G2: 199.139 | H2: 1304.3 | I2: 1243.4 | J2: 35.36 | K2: Lip down on the plate; crown up | L2: One-piece detailed dome with display cutouts; tree supports under the top disc only
A3: stl/body_upper.stl | B3: 1 | C3: PETG | D3: no | E3: 317 | F3: 317 | G3: 264 | H3: 3445.3 | I3: 3115.1 | J3: 107.62 | K3: Bottom (mating lip) down | L3: Upper body ring with integral electronics deck, shoulder bosses, head ring and lazy-susan seat; no brim
A4: stl/body_lower.stl | B4: 1 | C4: PETG | D4: no | E4: 317 | F4: 317 | G4: 141.1 | H4: 2143.5 | I4: 1939.4 | J4: 59.24 | K4: Skirt bottom down | L4: Lower body ring, skirt, battery bay, centre-leg socket, electronics tray; no brim
A5: stl/leg_upper.stl | B5: 2 | C5: PETG | D5: yes | E5: 289.7 | F5: 139.4 | G5: 50.79 | H5: 1445.2 | I5: 612.4 | J5: 20.04 | K5: Shoulder face down | L5: Left file supplied; mirror in the slicer for the right leg
A6: stl/leg_lower.stl | B6: 2 | C6: PETG | D6: yes | E6: 232 | F6: 100 | G6: 58.25 | H6: 666 | I6: 314.5 | J6: 11.2 | K6: Splice face down | L6: Left file supplied; mirror in the slicer for the right leg
A7: stl/foot_outer.stl | B7: 2 | C7: PETG | D7: yes | E7: 181.8 | F7: 265 | G7: 105.2 | H7: 855 | I7: 680.9 | J7: 19.59 | K7: Sole down | L7: Left file supplied; mirror in the slicer for the right foot; two motors and four wheels
A8: stl/leg_center.stl | B8: 1 | C8: PETG | D8: no | E8: 140 | F8: 100 | G8: 34.292 | H8: 246.8 | I8: 128.3 | J8: 4.25 | K8: Body flange down | L8: Centre leg with caster pivot boss
A9: stl/foot_center.stl | B9: 1 | C9: PETG | D9: no | E9: 123.3 | F9: 180.2 | G9: 119.9 | H9: 510.1 | I9: 330.7 | J9: 9.48 | K9: Sole down | L9: Centre foot with caster stem; two motors and four wheels
A10: stl/head_drive.stl | B10: 1 | C10: PETG | D10: no | E10: 116.5 | F10: 72.283 | G10: 39.914 | H10: 106.8 | I10: 81.3 | J10: 3 | K10: Base down | L10: Pivoting friction-drive motor mount with tension screw
A11: Totals (qty x per-part) | I11: =SUMPRODUCT(B2:B10,I2:I10) | J11: =SUMPRODUCT(B2:B10,J2:J10)

Sheet Filament
A1: Material | B1: Sliced mass g (qty applied) | C1: Spools of 1 kg (with 25 % waste) | D1: Spool USD | E1: Cost USD | F1: Source
A2: PETG | B2: 10053.9 | C2: =ROUNDUP(B2*1.25/1000,0) | D2: 24.99 | E2: =C2*D2 | F2: https://us.store.bambulab.com/products/petg-hf
A3: Total | E3: =SUM(E2:E2)

Sheet Sources
A1: Supplier | B1: Items | C1: URLs
A2: Adafruit | B2: Raspberry Pi 4 Model B, 4 GB - control server, Wi-Fi, head displays, audio; Adafruit KB2040 (RP2040) - motor and NeoPixel controller; DRV8833 dual H-bridge - driver 1, left foot (lf-front, lf-rear); DRV8833 dual H-bridge - driver 2, right foot (rf-front, rf-rear); DRV8833 dual H-bridge - driver 3, centre foot (cf-front, cf-rear); DRV8833 dual H-bridge - driver 4, head friction drive (channel A only); PAM8302 mono class D amplifier, 2.5 W into 4 ohm - dome and body sound; ADS1115 16 bit 4 channel ADC, STEMMA QT - battery voltage sense; Slip ring, 12 wire, 2 A per wire - dome power and signals; Mini 0.8 inch 8x8 LED matrix with I2C backpack, yellow-green - front logic, upper window; Mini 0.8 inch 8x8 LED matrix with I2C backpack, yellow-green - front logic, lower window; Mini 0.8 inch 8x8 LED matrix with I2C backpack, red - rear logic, left half; Mini 0.8 inch 8x8 LED matrix with I2C backpack, red - rear logic, right half; 1.28 inch 240x240 round TFT, GC9A01A, EYESPI - radar eye; NeoPixel Jewel, 7 x 5050 RGB - front PSI; NeoPixel Jewel, 7 x 5050 RGB - rear PSI; Diffused 8 mm through-hole NeoPixels, pack of 5 - holoprojectors HP1, HP2, HP3; Speaker, 3 inch, 4 ohm 3 W - behind the front vent; TT gearmotor 1:48, 3-6 V - left foot, front; TT gearmotor 1:48, 3-6 V - left foot, rear; TT gearmotor 1:48, 3-6 V - right foot, front; TT gearmotor 1:48, 3-6 V - right foot, rear; TT gearmotor 1:48, 3-6 V - centre foot, front; TT gearmotor 1:48, 3-6 V - centre foot, rear; TT gearmotor 1:48, 3-6 V - head friction drive; Orange wheel for TT motor, 63 x 29 mm; JST-XH 2 pin cable matching pair, 2.5 mm pitch, 200 mm; USB A to USB C cable, 1 m - Pi to KB2040 power and serial; USB Type C plug breakout - 5 V feed into the Pi USB-C power input; Through-hole resistors, 100 ohm 5% 1/4 W, pack of 25; Through-hole resistors, 100 k ohm 5% 1/4 W, pack of 25; Through-hole resistors, 10 k ohm 5% 1/4 W, pack of 25; microSD card, 32 GB, A2 class - Raspberry Pi OS; Hall effect switch US5881LUA - optional dome index (home) sensor; Heat-set inserts M3 x 4 mm, brass, pack of 50; Nylon machine screw and stand-off set, M2.5 thread, 380 pieces | C2: https://www.adafruit.com/product/1085 https://www.adafruit.com/product/1195 https://www.adafruit.com/product/1314 https://www.adafruit.com/product/158 https://www.adafruit.com/product/1734 https://www.adafruit.com/product/2130 https://www.adafruit.com/product/2226 https://www.adafruit.com/product/2784 https://www.adafruit.com/product/2787 https://www.adafruit.com/product/3297 https://www.adafruit.com/product/3299 https://www.adafruit.com/product/3766 https://www.adafruit.com/product/3777 https://www.adafruit.com/product/4255 https://www.adafruit.com/product/4293 https://www.adafruit.com/product/4296 https://www.adafruit.com/product/4474 https://www.adafruit.com/product/4872 https://www.adafruit.com/product/5302 https://www.adafruit.com/product/5978 https://www.adafruit.com/product/6010 https://www.adafruit.com/product/6178 https://www.adafruit.com/product/870 https://www.adafruit.com/product/872
A3: Amazon | B3: Ball bearings 6001-2RS, 12 x 28 x 8 mm, pack of 10; Nylon-insert lock nuts M12-1.75, DIN 985, stainless, pack of 20; Flanged bronze bushing, 12 mm bore x 16 mm OD x 20 mm, pack of 2; Dowel pins 6 x 30 mm, steel, pack of 50; Nylon-insert lock nuts M8-1.25, pack of 50; Heat-set inserts M5 x 9.5 mm, brass, pack of 50 (ruthex RX-M5x9.5); Socket cap screw M5 x 0.8 x 40 mm, stainless - head-drive tensioner; Knurled thumb nuts M5-0.8, 304 stainless, pack of 10; Compression spring 10 mm OD x 25 mm free length, 0.6 mm wire, 304 stainless, pack of 5; Socket cap screws M4 x 0.7 x 12 mm, 12.9 alloy, pack of 50; Heat-set inserts M4 x 8.1 mm, brass, pack of 50 (ruthex RX-M4x8.1); Socket and button head screw, nut and washer kit, M2 / M3 / M4, 1080 pieces; Nylon standoff kit M3, 260 pieces, 6-20 mm; Hook-and-loop cinch straps, 25 mm x 400 mm, pack of 6; Cable ties, 8 inch, pack of 100; Adhesive cable-tie mounts, 3/4 inch, pack of 100; Closed-cell foam tape, 3/4 x 3/8 inch x 17 ft | C3: https://us.amazon.com/Compression-Spring-Stainless-Length-Silver/dp/B0DK9C5YT5 https://www.amazon.com/dp/B00TRUC19C https://www.amazon.com/dp/B01HDR72Q2 https://www.amazon.com/dp/B074TFLBFQ https://www.amazon.com/dp/B076GVC92R https://www.amazon.com/dp/B07GVQ8G23 https://www.amazon.com/dp/B07YSV66Y5 https://www.amazon.com/dp/B07YSVXWS8 https://www.amazon.com/dp/B0877BD2SH https://www.amazon.com/dp/B09PJ8L58G https://www.amazon.com/dp/B0CGDV5C3F https://www.amazon.com/dp/B0CHMKL1DF https://www.amazon.com/dp/B0D7PWCDWK https://www.amazon.com/dp/B0DY4HF7N8 https://www.amazon.com/dp/B0F1YGKBSL https://www.amazon.com/dp/B0F43TNSM2 https://www.amazon.com/dp/B0F8GZP628
A4: BNTECHGO | B4: Silicone wire, 16 AWG, red and black, 25 ft each colour; Silicone wire, 22 AWG, six colours, 30 ft each | C4: https://bntechgo.com/bntechgo-16-gauge-silicone-wire-kit-ultra-flexible-50-ft-black-and-red-each-color-25-ft-high-temp-200-c-600v-16-awg-silicone-wire-252-strands-of-tinned-copper-wire-stranded-wire-stranded-wire-for-model-battery/ https://bntechgo.com/bntechgo-22-gauge-silicone-wire-kit-ultra-flexible-6-colors-each-30-ft-high-temp-200-c-600v-22-awg-silicone-wire-60-strands-of-tinned-copper-wire-stranded-wire-for-model-battery/
A5: Bambu Lab US store | B5: Filament, Bambu PETG Basic, 1.75 mm, 1 kg - structural prints; Filament, Bambu PETG-CF, 1.75 mm, 1 kg - shoulder bosses (optional); Filament, Bambu PLA Basic, 1.75 mm, 1 kg - dome (optional finish) | C5: https://us.store.bambulab.com/products/petg-basic https://us.store.bambulab.com/products/petg-cf https://us.store.bambulab.com/products/pla-basic-filament
A6: Bolt Depot | B6: Hex bolt M12-1.75 x 130 mm, class 8.8 zinc - shoulder pivot; Fender washer M12, 12 x 37 mm, zinc; Flat washer M12, zinc; Threaded rod M8 x 1.25, 1 m, zinc steel; Hex nut M8-1.25, class 8.8 zinc; Flat washer M8, zinc; Fender washer M8, 8 x 24 mm, zinc; Socket cap screw M5 x 0.8 x 12 mm, stainless 18-8; Hex nut M4-0.7, class 8.8 zinc; Flat washer M4, zinc | C6: https://boltdepot.com/Metric_socket_cap_Stainless_steel_18-8_(A-2)_5mm_x_0.8mm https://boltdepot.com/Product-List?Units=Metric&Category=Nuts&Subcategory=Hex_nuts&F_Diameter=4mm&F_Thread_pitch=0.7mm&Material=Steel&Plating=Zinc https://boltdepot.com/Product-List?Units=Metric&Category=Nuts&Subcategory=Hex_nuts&F_Diameter=8mm&F_Thread_pitch=1.25mm&Material=Steel&Plating=Zinc&Grade=Class_8.8 https://boltdepot.com/Product-List?Units=Metric&Category=Washers&Subcategory=Fender_washers&F_Size=12mm&Material=Steel&Plating=Zinc https://boltdepot.com/Product-List?Units=Metric&Category=Washers&Subcategory=Fender_washers&F_Size=8mm&Material=Steel&Plating=Zinc https://boltdepot.com/Product-List?Units=Metric&Category=Washers&Subcategory=Flat_washers&F_Size=12mm&Material=Steel&Plating=Zinc https://boltdepot.com/Product-List?Units=Metric&Category=Washers&Subcategory=Flat_washers&F_Size=4mm&Material=Steel&Plating=Zinc https://boltdepot.com/Product-List?Units=Metric&Category=Washers&Subcategory=Flat_washers&F_Size=8mm&Material=Steel&Plating=Zinc https://boltdepot.com/Threaded_rod_Zinc_plated_steel_8mm_x_1.25mm https://www.boltdepot.com/Metric_hex_bolts_Zinc_plated_class_8.8_steel_12mm_x_1.75mm.aspx
A7: DigiKey | B7: Panel charge jack, 5.5 mm OD barrel, threaded bushing; Main power switch, SPST rocker, 20 A 12 V DC, snap-in; In-line ATO/ATC blade fuse holder, 20 A 32 V, 16 AWG leads; Fuse, ATO blade, 15 A 32 V - main, at the battery positive lead; Fuse, ATO blade, 3 A 32 V - charge port branch; Fuse, ATO blade, 3 A 32 V - 5 V regulator input; Fuse, ATO blade, 5 A 32 V - 6 V motor rail A input; Fuse, ATO blade, 5 A 32 V - 6 V motor rail B input; Fuse, ATO blade, 2 A 32 V - dome 5 V feed through the slip ring; F2 female spade terminal, 0.250 inch, insulated crimp, 14-16 AWG; Anderson Powerpole 15-45 A housing (two red, two black); Anderson Powerpole contact, 15 A, 16-20 AWG, silver; Through-hole resistor, 15 k ohm 5% 1/4 W | C7: https://www.digikey.com/en/products/detail/anderson-power-products-inc/1327-BK/10650475 https://www.digikey.com/en/products/detail/anderson-power-products-inc/1332-BK/10650021 https://www.digikey.com/en/products/detail/carling-technologies/V1D2S00B-GZCXX-1XX-XFWD1/11587384 https://www.digikey.com/en/products/detail/littelfuse-commercial-vehicle-products/FHAC0001ZXJ/2004062 https://www.digikey.com/en/products/detail/littelfuse-inc/0287002-PXCN/3102552 https://www.digikey.com/en/products/detail/littelfuse-inc/0287003-PXCN/3102553 https://www.digikey.com/en/products/detail/littelfuse-inc/0287005-PXCN/2519811 https://www.digikey.com/en/products/detail/littelfuse-inc/0287015.PXCN/2519816 https://www.digikey.com/en/products/detail/stackpole-electronics-inc/CF14JT15K0/1741298 https://www.digikey.com/en/products/detail/switchcraft-inc/L722A/241928 https://www.digikey.com/en/products/detail/te-connectivity-amp-connectors/3-520408-2/14800982
A8: Pololu | B8: Pololu D36V50F5 step-down regulator, 12 V to 5 V 5.5 A - Pi, displays, NeoPixels, amplifier; Pololu D36V50F6 step-down regulator, 12 V to 6 V 5.5 A - motor rail A (drivers U1 and U3); Pololu D36V50F6 step-down regulator, 12 V to 6 V 5.5 A - motor rail B (drivers U2 and U4) | C8: https://www.pololu.com/product/4091 https://www.pololu.com/product/4092
A9: PowerStream | B9: SLA charger, 3 stage, 12 V 1.5 A, 5.5 x 2.1 mm centre-positive barrel plug | C9: https://www.powerstream.com/12V-car-charger.htm
A10: TRC Electronics | B10: Battery, 12 V 7 Ah sealed lead acid, F2 terminals | C10: https://www.trcelectronics.com/products/powersonic-ps-1270-f2
A11: WW Hardware | B11: Lazy susan ring bearing, 9 inch round steel, 228.6 mm OD, 114.3 mm centre hole | C11: https://www.wwhardware.com/triangle-flat-lazy-susan-bearing-9-round-tr09c
